,Combined,Synthetase,Mutation,Page
0,PylRS,PylRS,,1
1,PylRS,PylRS,,1
2,PylRS,PylRS,,1
3,ofPylRS,ofPylRS,,1
4,PylRS,PylRS,,1
5,PylRS(N346A/C348A),PylRS,(N346A/C348A),1
6,PylRS(N346A/C348A),PylRS,(N346A/C348A),1
7,PylRS(N346A/C348A),PylRS,(N346A/C348A),1
8,PylRS,PylRS,,1
9,PylRS,PylRS,,1
10,PylRS(N346A/C348A),PylRS,(N346A/C348A),1
11,PylRS(N346A/C348A),PylRS,(N346A/C348A),1
12,PylRS(N346A/C348A),PylRS,(N346A/C348A),1
13,PylRSN346A,PylRSN346A,,1
14,PylRSN346A,PylRSN346A,,1
15,PylRS(N346A/C348A),PylRS,(N346A/C348A),1
16,PylRS(N346A/C348A),PylRS,(N346A/C348A),1
17,PylRS,PylRS,,2
18,PylRS(N346A/C348A),PylRS,(N346A/C348A),2
19,PylRS(N346A/C348A),PylRS,(N346A/C348A),2
20,thePylRS(N346A/C48A),thePylRS,(N346A/C48A),2
21,PylRSN346A,PylRSN346A,,2
22,PylRS,PylRS,,3
23,PylRS(N346A/C348A),PylRS,(N346A/C348A),3
24,PylRS(N346A/C348A),PylRS,(N346A/C348A),3
25,PylRS(N346A/C348A),PylRS,(N346A/C348A),3
26,pylRS,pylRS,,6
27,PylRSN346A,PylRSN346A,,6
28,pylRS,pylRS,,63
29,PylRSN346A,PylRSN346A,,63
